{
	"credit": "Made with Blockbench",
	"parent": "shield",
	"texture_size": [32, 32],
	"textures": {
		"0": "default/spray/balonchik_yellow",
		"particle": "default/spray/balonchik_yellow"
	},
	"elements": [
		{
			"from": [6, 10, 8],
			"to": [8, 11, 10],
			"rotation": {"angle": 0, "axis": "y", "origin": [6, 10, 8]},
			"faces": {
				"north": {"uv": [12, 12, 13, 13], "texture": "#0"},
				"east": {"uv": [13, 11, 14, 12], "texture": "#0"},
				"south": {"uv": [14, 12, 15, 13], "texture": "#0"},
				"west": {"uv": [13, 13, 14, 14], "texture": "#0"},
				"up": {"uv": [13, 12, 14, 13], "texture": "#0"},
				"down": {"uv": [11, 12, 12, 13], "texture": "#0"}
			}
		},
		{
			"from": [5, 9, 7],
			"to": [9, 10, 11],
			"rotation": {"angle": 0, "axis": "y", "origin": [5, 9, 7]},
			"faces": {
				"north": {"uv": [7.5, 10.5, 9.5, 11], "texture": "#0"},
				"east": {"uv": [5.5, 10.5, 7.5, 11], "texture": "#0"},
				"south": {"uv": [3.5, 10.5, 5.5, 11], "texture": "#0"},
				"west": {"uv": [1.5, 10.5, 3.5, 11], "texture": "#0"},
				"up": {"uv": [14, 0, 16, 2], "texture": "#0"},
				"down": {"uv": [1.5, 11, 3.5, 13], "texture": "#0"}
			}
		},
		{
			"from": [5, 1, 7],
			"to": [9, 9, 11],
			"rotation": {"angle": 0, "axis": "y", "origin": [7, 1, 7]},
			"faces": {
				"north": {"uv": [7.5, 11, 9.5, 15], "texture": "#0"},
				"east": {"uv": [5.5, 11, 7.5, 15], "texture": "#0"},
				"south": {"uv": [3.5, 11, 5.5, 15], "texture": "#0"},
				"west": {"uv": [1.5, 11, 3.5, 15], "texture": "#0"},
				"up": {"uv": [14, 0, 16, 2], "texture": "#0"},
				"down": {"uv": [14, 0, 16, 2], "texture": "#0"}
			}
		},
		{
			"from": [5, 0, 7],
			"to": [9, 1, 11],
			"rotation": {"angle": 0, "axis": "y", "origin": [7, 0, 7]},
			"faces": {
				"north": {"uv": [7.5, 15, 9.5, 15.5], "texture": "#0"},
				"east": {"uv": [5.5, 15, 7.5, 15.5], "texture": "#0"},
				"south": {"uv": [3.5, 15, 5.5, 15.5], "texture": "#0"},
				"west": {"uv": [1.5, 15, 3.5, 15.5], "texture": "#0"},
				"up": {"uv": [1.5, 11, 3.5, 13], "texture": "#0"},
				"down": {"uv": [12, 0, 14, 2], "texture": "#0"}
			}
		}
	],
	"display": {
		"thirdperson_righthand": {
			"translation": [0.75, 1.75, 0.25],
			"scale": [0.65, 0.65, 0.65]
		},
		"thirdperson_lefthand": {
			"translation": [-0.5, 1.5, 0],
			"scale": [0.65, 0.65, 0.65]
		},
		"ground": {
			"translation": [0, 2.25, 0]
		},
		"gui": {
			"rotation": [12, -47, -23],
			"translation": [2.25, 2, 1]
		},
		"fixed": {
			"translation": [1.5, 0, 0]
		}
	},
	"groups": [
		{
			"name": "group",
			"origin": [8, 8, 8],
			"color": 0,
			"children": [0, 1, 2, 3]
		}
	]
}