{
	"credit": "Made with Blockbench",
	"textures": {
		"0": "default/spray/nasadka",
		"1": "default/spray/nasadka",
		"particle": "default/spray/nasadka"
	},
	"elements": [
		{
			"from": [7.5, 0.5, 5.5],
			"to": [8.5, 1, 6.5],
			"rotation": {"angle": 0, "axis": "y", "origin": [7, 1, 6]},
			"faces": {
				"north": {"uv": [0, 0, 2, 1], "texture": "#0"},
				"east": {"uv": [0, 0, 2, 1], "texture": "#0"},
				"south": {"uv": [0, 0, 2, 1], "texture": "#0"},
				"west": {"uv": [0, 0, 2, 1], "texture": "#0"},
				"up": {"uv": [0, 0, 2, 2], "texture": "#0"},
				"down": {"uv": [0, 0, 2, 2], "texture": "#0"}
			}
		},
		{
			"from": [7, 0, 5],
			"to": [9, 0.5, 7],
			"rotation": {"angle": 0, "axis": "y", "origin": [8, 0, 6]},
			"faces": {
				"north": {"uv": [4, 0, 8, 1], "texture": "#0"},
				"east": {"uv": [4, 0, 8, 1], "texture": "#0"},
				"south": {"uv": [4, 0, 8, 1], "texture": "#0"},
				"west": {"uv": [4, 0, 8, 1], "texture": "#0"},
				"up": {"uv": [4, 0, 8, 4], "texture": "#0"},
				"down": {"uv": [4, 0, 8, 4], "texture": "#0"}
			}
		},
		{
			"from": [7.75, 0.75, 5.75],
			"to": [8.25, 1.25, 6.25],
			"rotation": {"angle": 0, "axis": "y", "origin": [8, 1, 6]},
			"faces": {
				"north": {"uv": [0, 0, 1, 1], "texture": "#1"},
				"east": {"uv": [0, 1, 1, 2], "texture": "#1"},
				"south": {"uv": [1, 0, 2, 1], "texture": "#1"},
				"west": {"uv": [1, 1, 2, 2], "texture": "#1"},
				"up": {"uv": [1, 3, 0, 2], "texture": "#1"},
				"down": {"uv": [3, 0, 2, 1], "texture": "#1"}
			}
		}
	],
	"display": {
		"thirdperson_righthand": {
			"translation": [0, 8, 3]
		},
		"thirdperson_lefthand": {
			"translation": [1, 8, 3]
		},
		"firstperson_righthand": {
			"translation": [0, 8, 0.25]
		},
		"firstperson_lefthand": {
			"translation": [0, 8.75, 0]
		},
		"ground": {
			"translation": [0, 4.5, 0]
		},
		"gui": {
			"rotation": [30, -37, 0],
			"translation": [-4.75, 23, 0],
			"scale": [4, 4, 4]
		}
	}
}