{
	"credit": "Made with Blockbench",
	"textures": {
		"1": "item/default"
	},
	"elements": [
		{
			"from": [6, 6, 6],
			"to": [10, 11, 10],
			"rotation": {"angle": 0, "axis": "y", "origin": [0, 6, 0]},
			"faces": {
				"north": {"uv": [0, 0, 4, 5], "texture": "#1"},
				"east": {"uv": [4, 0, 8, 5], "texture": "#1"},
				"south": {"uv": [0, 5, 4, 10], "texture": "#1"},
				"west": {"uv": [4, 5, 8, 10], "texture": "#1"},
				"up": {"uv": [12, 4, 8, 0], "texture": "#1"},
				"down": {"uv": [12, 4, 8, 8], "texture": "#1"}
			}
		},
		{
			"from": [7, 11, 7],
			"to": [9, 13, 9],
			"rotation": {"angle": 0, "axis": "y", "origin": [0, 6, 0]},
			"faces": {
				"north": {"uv": [10, 10, 12, 12], "texture": "#1"},
				"east": {"uv": [12, 0, 14, 2], "texture": "#1"},
				"south": {"uv": [12, 2, 14, 4], "texture": "#1"},
				"west": {"uv": [12, 4, 14, 6], "texture": "#1"},
				"up": {"uv": [8, 14, 6, 12], "texture": "#1"},
				"down": {"uv": [14, 6, 12, 8], "texture": "#1"}
			}
		},
		{
			"from": [7.7, 7.3, 7],
			"to": [7.7, 12.3, 9],
			"rotation": {"angle": -45, "axis": "z", "origin": [7, 13, 8]},
			"faces": {
				"north": {"uv": [0, 0, 0, 5], "texture": "#missing"},
				"east": {"uv": [14, 11, 16, 16], "texture": "#1"},
				"south": {"uv": [0, 0, 0, 5], "texture": "#missing"},
				"west": {"uv": [12, 11, 14, 16], "texture": "#1"},
				"up": {"uv": [0, 2, 0, 0], "texture": "#missing"},
				"down": {"uv": [0, 0, 0, 2], "texture": "#missing"}
			}
		}
	],
	"display": {
		"thirdperson_righthand": {
			"translation": [0, -0.5, 2.25],
			"scale": [0.89453, 0.89453, 0.89453]
		},
		"thirdperson_lefthand": {
			"translation": [0, -0.5, 2.25],
			"scale": [0.89453, 0.89453, 0.89453]
		},
		"firstperson_righthand": {
			"translation": [0, -0.25, 0]
		},
		"ground": {
			"rotation": [40.79, -22.09, -10.23],
			"translation": [0, 2.5, 0.25]
		},
		"gui": {
			"rotation": [38.25, -26.75, 0],
			"translation": [0, -0.25, 0],
			"scale": [1.51172, 1.51172, 1.51172]
		},
		"head": {
			"rotation": [0, 0, 90],
			"translation": [0.75, -4.25, -8.25]
		},
		"fixed": {
			"rotation": [-90.5, 0, 0],
			"translation": [0, 1, -3.75],
			"scale": [1.55469, 1.55469, 1.55469]
		}
	},
	"groups": [
		{
			"name": "group",
			"origin": [0, 0, 0],
			"color": 0,
			"children": [0, 1, 2]
		}
	]
}