{
	"credit": "Made with Blockbench",
	"textures": {
		"2": "item/landmine",
		"particle": "item/landmine"
	},
	"elements": [
		{
			"from": [4, 0, 4],
			"to": [12, 2, 12],
			"faces": {
				"north": {"uv": [8, 0, 16, 2], "texture": "#2"},
				"east": {"uv": [8, 2, 16, 4], "texture": "#2"},
				"south": {"uv": [8, 4, 16, 6], "texture": "#2"},
				"west": {"uv": [8, 6, 16, 8], "texture": "#2"},
				"up": {"uv": [8, 8, 0, 0], "texture": "#2"},
				"down": {"uv": [8, 8, 0, 16], "texture": "#2"}
			}
		},
		{
			"from": [6, 2, 6],
			"to": [10, 3, 10],
			"faces": {
				"north": {"uv": [12, 8, 16, 9], "texture": "#2"},
				"east": {"uv": [12, 9, 16, 10], "texture": "#2"},
				"south": {"uv": [12, 10, 16, 11], "texture": "#2"},
				"west": {"uv": [12, 11, 16, 12], "texture": "#2"},
				"up": {"uv": [12, 12, 8, 8], "texture": "#2"},
				"down": {"uv": [12, 12, 8, 16], "texture": "#2"}
			}
		}
	],
	"gui_light": "front",
	"display": {
		"thirdperson_righthand": {
			"translation": [0, 6.5, 2.25],
			"scale": [0.89453, 0.89453, 0.89453]
		},
		"thirdperson_lefthand": {
			"translation": [0, 5.5, 2.25],
			"scale": [0.89453, 0.89453, 0.89453]
		},
		"firstperson_righthand": {
			"translation": [0, 6.5, 0]
		},
		"firstperson_lefthand": {
			"translation": [0, 6, 0]
		},
		"ground": {
			"rotation": [40.79, -22.09, -10.23],
			"translation": [0.75, 5.25, 3.75]
		},
		"gui": {
			"rotation": [38.25, -26.75, 0],
			"translation": [0, 6.5, 0],
			"scale": [1.26, 1.26, 1.26]
		},
		"head": {
			"rotation": [0, 0, 90],
			"translation": [-5.25, -4.25, -8.25]
		},
		"fixed": {
			"rotation": [-90.5, 0, 0],
			"translation": [0, 1, -11.5],
			"scale": [1.55469, 1.55469, 1.55469]
		}
	},
	"groups": [
		{
			"name": "group",
			"origin": [0, 0, 0],
			"color": 0,
			"children": [0, 1]
		}
	]
}