{
	"credit": "Made with Blockbench",
	"texture_size": [32, 32],
	"textures": {
		"1": "item/molotov",
		"particle": "item/molotov"
	},
	"elements": [
		{
			"from": [6, 6, 6],
			"to": [10, 15, 10],
			"faces": {
				"north": {"uv": [0, 0, 2, 4.5], "texture": "#1"},
				"east": {"uv": [2, 0, 4, 4.5], "texture": "#1"},
				"south": {"uv": [4, 0, 6, 4.5], "texture": "#1"},
				"west": {"uv": [0, 4.5, 2, 9], "texture": "#1"},
				"up": {"uv": [8, 2, 6, 0], "texture": "#1"},
				"down": {"uv": [8, 2, 6, 4], "texture": "#1"}
			}
		},
		{
			"from": [7, 15, 7],
			"to": [9, 20, 9],
			"rotation": {"angle": 0, "axis": "y", "origin": [0, 4, 0]},
			"faces": {
				"north": {"uv": [6, 4, 7, 6.5], "texture": "#1"},
				"east": {"uv": [6, 6.5, 7, 9], "texture": "#1"},
				"south": {"uv": [7, 4, 8, 6.5], "texture": "#1"},
				"west": {"uv": [7, 6.5, 8, 9], "texture": "#1"},
				"up": {"uv": [9, 1, 8, 0], "texture": "#1"},
				"down": {"uv": [9, 1, 8, 2], "texture": "#1"}
			}
		},
		{
			"from": [5, 18, 8],
			"to": [9, 25, 8],
			"rotation": {"angle": 0, "axis": "y", "origin": [0, 4, 0]},
			"faces": {
				"north": {"uv": [2, 4.5, 4, 8], "texture": "#1"},
				"east": {"uv": [0, 0, 0, 3.5], "texture": "#1"},
				"south": {"uv": [4, 4.5, 6, 8], "texture": "#1"},
				"west": {"uv": [0, 0, 0, 3.5], "texture": "#1"},
				"up": {"uv": [2, 0, 0, 0], "texture": "#1"},
				"down": {"uv": [2, 0, 0, 0], "texture": "#1"}
			}
		}
	],
	"gui_light": "front",
	"display": {
		"thirdperson_righthand": {
			"rotation": [-1.36, 90, 0],
			"translation": [0, -3.25, 2],
			"scale": [0.80078, 0.80078, 0.80078]
		},
		"thirdperson_lefthand": {
			"rotation": [-1.36, -90, 0],
			"translation": [0, -3.25, 2],
			"scale": [0.80078, 0.80078, 0.80078]
		},
		"firstperson_righthand": {
			"rotation": [-176.25, 68.75, -170.5],
			"translation": [0.75, -1.25, -2.25],
			"scale": [0.90625, 0.90625, 0.90625]
		},
		"firstperson_lefthand": {
			"rotation": [10.27, -66.5, 20.16],
			"translation": [5, 0.25, -2.25],
			"scale": [0.90625, 0.90625, 0.90625]
		},
		"ground": {
			"rotation": [33.04, 9.62, -4.17],
			"translation": [0, -0.5, 0.25],
			"scale": [0.82422, 0.82422, 0.82422]
		},
		"gui": {
			"rotation": [0.3, -41.59, -50.47],
			"translation": [-2.75, -4, 0],
			"scale": [1.08789, 1.08789, 1.08789]
		},
		"head": {
			"translation": [-0.25, 9, -0.25],
			"scale": [1.26, 1.26, 1.26]
		},
		"fixed": {
			"rotation": [-90.5, 0, 0],
			"translation": [0, 1, -2.5],
			"scale": [1.55469, 1.55469, 1.55469]
		}
	},
	"groups": [
		{
			"name": "group",
			"origin": [0, 0, 0],
			"color": 0,
			"children": [0, 1, 2]
		}
	]
}