{
	"credit": "Made with Blockbench",
	"texture_size": [32, 32],
	"textures": {
		"3": "item/smoke"
	},
	"elements": [
		{
			"from": [6, 6, 6],
			"to": [10, 15, 10],
			"rotation": {"angle": 0, "axis": "y", "origin": [0, 6, 0]},
			"faces": {
				"north": {"uv": [0, 0, 2, 4.5], "texture": "#3"},
				"east": {"uv": [2, 0, 4, 4.5], "texture": "#3"},
				"south": {"uv": [4, 0, 6, 4.5], "texture": "#3"},
				"west": {"uv": [0, 4.5, 2, 9], "texture": "#3"},
				"up": {"uv": [4, 6.5, 2, 4.5], "texture": "#3"},
				"down": {"uv": [6, 4.5, 4, 6.5], "texture": "#3"}
			}
		},
		{
			"from": [7, 15, 7],
			"to": [9, 17, 9],
			"rotation": {"angle": 0, "axis": "y", "origin": [0, 10, 0]},
			"faces": {
				"north": {"uv": [6, 5, 7, 6], "texture": "#3"},
				"east": {"uv": [6, 6, 7, 7], "texture": "#3"},
				"south": {"uv": [2, 6.5, 3, 7.5], "texture": "#3"},
				"west": {"uv": [3, 6.5, 4, 7.5], "texture": "#3"},
				"up": {"uv": [5, 7.5, 4, 6.5], "texture": "#3"},
				"down": {"uv": [6, 6.5, 5, 7.5], "texture": "#3"}
			}
		},
		{
			"from": [7.7, 11.3, 7],
			"to": [7.7, 16.3, 9],
			"rotation": {"angle": -45, "axis": "z", "origin": [7, 17, 8]},
			"faces": {
				"north": {"uv": [0, 0, 0, 2.5], "texture": "#3"},
				"east": {"uv": [6, 0, 7, 2.5], "texture": "#3"},
				"south": {"uv": [0, 0, 0, 2.5], "texture": "#3"},
				"west": {"uv": [6, 2.5, 7, 5], "texture": "#3"},
				"up": {"uv": [0, 1, 0, 0], "texture": "#3"},
				"down": {"uv": [0, 0, 0, 1], "texture": "#3"}
			}
		}
	],
	"display": {
		"thirdperson_righthand": {
			"translation": [0, -0.5, 2.25],
			"scale": [0.89453, 0.89453, 0.89453]
		},
		"thirdperson_lefthand": {
			"translation": [0, -0.5, 2.25],
			"scale": [0.89453, 0.89453, 0.89453]
		},
		"firstperson_righthand": {
			"rotation": [-6.82, 6.2, 10],
			"translation": [1.25, -0.25, 0]
		},
		"firstperson_lefthand": {
			"rotation": [-6.82, 6.2, 10],
			"translation": [1.25, -0.25, 0]
		},
		"ground": {
			"rotation": [20.5, -26.49, -15.32],
			"translation": [-0.75, 2.5, -0.75]
		},
		"gui": {
			"rotation": [38.25, -26.75, 0],
			"translation": [0, -3.25, 0],
			"scale": [1.35, 1.35, 1.35]
		},
		"head": {
			"rotation": [0, 0, 90],
			"translation": [2.75, -4.25, -8.25]
		},
		"fixed": {
			"rotation": [-90.5, 0, 0],
			"translation": [0, 1, -3.75],
			"scale": [1.55469, 1.55469, 1.55469]
		}
	},
	"groups": [
		{
			"name": "group",
			"origin": [0, 0, 0],
			"color": 0,
			"children": [0, 1, 2]
		}
	]
}