{"sources":[{"type":"single","resource":"minecraft:default/spray/nasadka","sprite":"minecraft:default/spray/nasadka"},{"type":"single","resource":"minecraft:default/spray/balonchik_yellow","sprite":"minecraft:default/spray/balonchik_yellow"},{"type":"single","resource":"minecraft:default/spray/balonchik_white","sprite":"minecraft:default/spray/balonchik_white"},{"type":"single","resource":"minecraft:default/spray/balonchik_red","sprite":"minecraft:default/spray/balonchik_red"},{"type":"single","resource":"minecraft:default/spray/balonchik_purple","sprite":"minecraft:default/spray/balonchik_purple"},{"type":"single","resource":"minecraft:default/spray/balonchik_pink","sprite":"minecraft:default/spray/balonchik_pink"},{"type":"single","resource":"minecraft:default/spray/balonchik_orange","sprite":"minecraft:default/spray/balonchik_orange"},{"type":"single","resource":"minecraft:default/spray/balonchik_magenta","sprite":"minecraft:default/spray/balonchik_magenta"},{"type":"single","resource":"minecraft:default/spray/balonchik_lime","sprite":"minecraft:default/spray/balonchik_lime"},{"type":"single","resource":"minecraft:default/spray/balonchik_light_gray","sprite":"minecraft:default/spray/balonchik_light_gray"},{"type":"single","resource":"minecraft:default/spray/balonchik_light_blue","sprite":"minecraft:default/spray/balonchik_light_blue"},{"type":"single","resource":"minecraft:default/spray/balonchik_green","sprite":"minecraft:default/spray/balonchik_green"},{"type":"single","resource":"minecraft:default/spray/balonchik_gray","sprite":"minecraft:default/spray/balonchik_gray"},{"type":"single","resource":"minecraft:default/spray/balonchik_cyan","sprite":"minecraft:default/spray/balonchik_cyan"},{"type":"single","resource":"minecraft:default/spray/balonchik_brown","sprite":"minecraft:default/spray/balonchik_brown"},{"type":"single","resource":"minecraft:default/spray/balonchik_blue","sprite":"minecraft:default/spray/balonchik_blue"},{"type":"single","resource":"minecraft:default/spray/balonchik_black","sprite":"minecraft:default/spray/balonchik_black"},{"type":"single","resource":"minecraft:default/spray/balonchik","sprite":"minecraft:default/spray/balonchik"}]}