{"parent":"builtin/entity","textures":{"layer0":"item/shield"},"gui_light":"front","display":{"thirdperson_righthand":{"rotation":[0,90,0],"translation":[10,6,-4],"scale":[1,1,1]},"thirdperson_lefthand":{"rotation":[0,90,0],"translation":[10,6,12],"scale":[1,1,1]},"firstperson_righthand":{"rotation":[0,180,5],"translation":[-10,2,-10],"scale":[1.25,1.25,1.25]},"firstperson_lefthand":{"rotation":[0,180,5],"translation":[10,0,-10],"scale":[1.25,1.25,1.25]},"gui":{"rotation":[15,-25,-5],"translation":[2,3,0],"scale":[0.65,0.65,0.65]},"fixed":{"rotation":[0,180,0],"translation":[-2,4,-5],"scale":[0.5,0.5,0.5]},"ground":{"rotation":[0,0,0],"translation":[4,4,2],"scale":[0.25,0.25,0.25]}},"overrides":[{"predicate":{"blocking":1},"model":"item/shield_blocking"},{"predicate":{"custom_model_data":1000},"model":"balonchik"},{"predicate":{"custom_model_data":1001},"model":"balonchik_white"},{"predicate":{"custom_model_data":1002},"model":"balonchik_light_gray"},{"predicate":{"custom_model_data":1003},"model":"balonchik_gray"},{"predicate":{"custom_model_data":1004},"model":"balonchik_black"},{"predicate":{"custom_model_data":1005},"model":"balonchik_brown"},{"predicate":{"custom_model_data":1006},"model":"balonchik_red"},{"predicate":{"custom_model_data":1008},"model":"balonchik_yellow"},{"predicate":{"custom_model_data":1009},"model":"balonchik_lime"},{"predicate":{"custom_model_data":1010},"model":"balonchik_green"},{"predicate":{"custom_model_data":1011},"model":"balonchik_cyan"},{"predicate":{"custom_model_data":1012},"model":"balonchik_light_blue"},{"predicate":{"custom_model_data":1013},"model":"balonchik_blue"},{"predicate":{"custom_model_data":1014},"model":"balonchik_purple"},{"predicate":{"custom_model_data":1015},"model":"balonchik_magenta"},{"predicate":{"custom_model_data":1016},"model":"balonchik_pink"},{"predicate":{"custom_model_data":1101},"model":"balonchik_white_low"},{"predicate":{"custom_model_data":1102},"model":"balonchik_light_gray_low"},{"predicate":{"custom_model_data":1103},"model":"balonchik_gray_low"},{"predicate":{"custom_model_data":1104},"model":"balonchik_black_low"},{"predicate":{"custom_model_data":1105},"model":"balonchik_brown_low"},{"predicate":{"custom_model_data":1106},"model":"balonchik_red_low"},{"predicate":{"custom_model_data":1107},"model":"balonchik_orange_low"},{"predicate":{"custom_model_data":1108},"model":"balonchik_yellow_low"},{"predicate":{"custom_model_data":1109},"model":"balonchik_lime_low"},{"predicate":{"custom_model_data":1110},"model":"balonchik_green_low"},{"predicate":{"custom_model_data":1111},"model":"balonchik_cyan_low"},{"predicate":{"custom_model_data":1112},"model":"balonchik_light_blue_low"},{"predicate":{"custom_model_data":1113},"model":"balonchik_blue_low"},{"predicate":{"custom_model_data":1114},"model":"balonchik_purple_low"},{"predicate":{"custom_model_data":1115},"model":"balonchik_magenta_low"},{"predicate":{"custom_model_data":1116},"model":"balonchik_pink_low"},{"predicate":{"custom_model_data":1201},"model":"balonchik_white_midle"},{"predicate":{"custom_model_data":1202},"model":"balonchik_light_gray_midle"},{"predicate":{"custom_model_data":1203},"model":"balonchik_gray_midle"},{"predicate":{"custom_model_data":1204},"model":"balonchik_black_midle"},{"predicate":{"custom_model_data":1205},"model":"balonchik_brown_midle"},{"predicate":{"custom_model_data":1206},"model":"balonchik_red_midle"},{"predicate":{"custom_model_data":1207},"model":"balonchik_orange_midle"},{"predicate":{"custom_model_data":1208},"model":"balonchik_yellow_midle"},{"predicate":{"custom_model_data":1209},"model":"balonchik_lime_midle"},{"predicate":{"custom_model_data":1210},"model":"balonchik_green_midle"},{"predicate":{"custom_model_data":1211},"model":"balonchik_cyan_midle"},{"predicate":{"custom_model_data":1212},"model":"balonchik_light_blue_midle"},{"predicate":{"custom_model_data":1213},"model":"balonchik_blue_midle"},{"predicate":{"custom_model_data":1214},"model":"balonchik_purple_midle"},{"predicate":{"custom_model_data":1215},"model":"balonchik_magenta_midle"},{"predicate":{"custom_model_data":1216},"model":"balonchik_pink_midle"},{"predicate":{"custom_model_data":1301},"model":"balonchik_white_big"},{"predicate":{"custom_model_data":1302},"model":"balonchik_light_gray_big"},{"predicate":{"custom_model_data":1303},"model":"balonchik_gray_big"},{"predicate":{"custom_model_data":1304},"model":"balonchik_black_big"},{"predicate":{"custom_model_data":1305},"model":"balonchik_brown_big"},{"predicate":{"custom_model_data":1306},"model":"balonchik_red_big"},{"predicate":{"custom_model_data":1307},"model":"balonchik_orange"},{"predicate":{"custom_model_data":1308},"model":"balonchik_yellow_big"},{"predicate":{"custom_model_data":1309},"model":"balonchik_lime_big"},{"predicate":{"custom_model_data":1310},"model":"balonchik_green_big"},{"predicate":{"custom_model_data":1311},"model":"balonchik_cyan_big"},{"predicate":{"custom_model_data":1312},"model":"balonchik_light_blue_big"},{"predicate":{"custom_model_data":1313},"model":"balonchik_blue_big"},{"predicate":{"custom_model_data":1314},"model":"balonchik_purple_big"},{"predicate":{"custom_model_data":1315},"model":"balonchik_magenta_big"},{"predicate":{"custom_model_data":1316},"model":"balonchik_pink_nig"}]}